{"cameraMode":{"drawMode":0,"name":"Shaded","section":"Shading Mode"},"sceneLighting":true,"audioPlay":false,"sceneViewState":{"m_AlwaysRefresh":false,"showFog":true,"showSkybox":true,"showFlares":true,"showImageEffects":true,"showParticleSystems":true,"showVisualEffectGraphs":true,"m_FxEnabled":true},"in2DMode":false,"pivot":{"x":7.284064769744873,"y":-16.97455596923828,"z":-87.33208465576172},"rotation":{"x":-0.0022663173731416466,"y":0.994839608669281,"z":-0.10967323184013367,"w":-0.011910640634596348},"size":62.903079986572269,"orthographic":false}